index,feature,imputer_median,scaler_mean,scaler_scale
1,S_time_seconds,1405.8990478515625,2060.933289756695,2085.3103964886154
2,V_time_seconds,1434.0,2094.271296457755,2047.574732639715
3,time_difference_seconds,0.0010000000474974513,0.004950353557101821,0.010706706702808221
4,S_GPS LATITUDE (degrees),52.445945739746094,52.592473835258865,0.31740004654084697
5,S_GPS LONGITUDE (degrees),-1.5348299741744995,-1.5394708961446648,0.2568439281883385
6,S_GPS ALTITUDE (m),159.0,177.20149239216906,76.56587878890869
7,S_GPS SPEED (Kmh),9.770000457763672,10.510575222561757,7.600319037164017
8,S_GPS ACCURACY (m),3.0,23.417324959040677,213.98914504777943
9,S_GPS ORIENTATION (°),147.1999969482422,167.79508883347532,111.06893591468878
10,S_TIME SINCE START (ms),2113111.0,2701114.6034702286,2465593.564480476
11,S_ACCELEROMETER X (m/s²),0.014399999752640724,-0.010739075294008823,1.6122415271724087
12,S_ACCELEROMETER Y (m/s²),-0.011800000444054604,-0.0393093290220774,1.56692298893906
13,S_ACCELEROMETER Z (m/s²),9.84939956665039,9.847044767370283,0.7295649456313525
14,S_GRAVITY X (m/s²),0.0,1.6264591541251771e-06,0.03508508960691468
15,S_GRAVITY Y (m/s²),0.0,-0.00016039361448459702,0.033612667588595636
16,S_GRAVITY Z (m/s²),9.806599617004395,9.806477524410091,0.003144048914113438
17,S_GYROSCOPE Yaw (rad/s),-9.999999747378752e-05,-0.0003840543087665394,0.1151325922748874
18,S_GYROSCOPE Pitch (rad/s),-0.0010000000474974513,-0.003053589743640872,0.23275468284727055
19,S_GYROSCOPE Roll (rad/s),0.00019999999494757503,1.432913914356894e-05,0.1386134551575372
20,S_MAGNETIC FIELD X (µT),-12.0600004196167,-10.910860613297201,13.067880950401852
21,S_MAGNETIC FIELD Y (µT),-33.689998626708984,-31.82242158901045,8.066587634300724
22,S_MAGNETIC FIELD Z (µT),15.3100004196167,15.326219763694576,18.016110246486512
23,S_ORIENTATION (Yaw) (°),245.85000610351562,211.7267264089918,119.75480108227927
24,S_ORIENTATION (Pitch) (°),-84.41000366210938,-83.87417429660358,3.855071196117233
25,S_ORIENTATION (Roll ) (°),-118.55999755859375,-36.63155900371951,136.44689948376504
26,V_No of GPS Satellites Available,137.0,114.49980236921468,49.30851617225799
27,V_Time Since Start of Day (seconds),47396.8984375,50516.01958556561,11752.525741447389
28,V_Latitude (degrees),52.44944381713867,52.592637269208026,0.31729546036893425
29,V_Longitude (degrees),-1.5370911359786987,-1.541380135609048,0.2551333086654015
30,V_Velocity (km/hr),36.08599853515625,38.08828626856105,27.37740067434034
31,V_Heading (degrees),164.3159942626953,180.6956878184053,110.0360696762806
32,V_Height (km),110.36000061035156,131.91408435445294,67.39326273384584
33,V_Vertical velocity (km/hr),0.0,0.02124764721286153,0.41599068592528
34,V_Sample period (seconds),0.10000000149011612,0.10000016968653166,0.00012980712227230503
35,V_Steering Angle (degrees),10.200010299682617,47.37717250200329,98.57534782783571
36,V_Wheel Speed Front Left (rad/sec),36.28998947143555,38.03756142669718,27.49679368876225
37,V_Wheel Speed Front Right (rad/sec),36.29999923706055,38.01261543562543,27.49420205457413
38,V_Wheel Speed Rear Left (rad/sec),36.189998626708984,37.97266754218092,27.511328357587576
39,V_Wheel Speed Rear Right (rad/sec),36.15999984741211,37.84058817099418,27.39463256122041
40,V_Yaw Rate (deg/sec),0.0,-0.16261131668718282,6.001712086286334
41,V_Indicated Vehicle Speed (km/hr),36.290000915527344,38.02274083047464,27.493806328776277
42,V_Indicated Longitudinal Acceleration (g),0.0,0.00027109349169659406,0.07501171603453513
43,V_Indicated Lateral Acceleration (g),0.0,8.079234949398079e-05,0.07711777358790298
44,V_Handbrake (0 or 1),0.0,0.044198653419517175,0.20553620716413593
45,V_Gear Requested (Number fof gear employed 1-5),4.0,3.848090045631687,2.324699919780738
46,V_Gear (Number fof gear employed 1-5),3.0,2.790820848954575,0.7834954667010612
47,V_Engine Speed (rev/min),1548.0,1550.488317918132,529.1238717725869
48,V_Coolant Temperature (degrees),87.0,86.56433260504286,12.779530686747572
49,V_Clutch Position (0 or 1),0.0,0.0,1.0
50,V_Brake Pressure (psi),0.0199890099465847,2.7756182519884174,7.174765284296943
51,V_Brake Position (0 or 1),0.0,0.24671049865190575,0.4310967739462147
52,V_Battery Voltage (volts),14.0,13.806761685392312,1.6205671498837686
53,V_Air Temperature (degrees),12.0,11.97148061620438,5.42207369318424
54,V_Accelerator Pedal Position (0 or 1),5.5,8.905435771676734,10.311565643749535
55,timestamp,1405.8990478515625,2060.933289756695,2085.3103964886154
56,elapsed_time,1421.5999755859375,2089.6234709442433,2052.3298633118234
57,delta_time,0.10000000149011612,0.10252776635736173,2.7643678452035214
58,accel_x,0.014399999752640724,-0.010739075294008823,1.6122415271724087
59,accel_y,-0.011800000444054604,-0.0393093290220774,1.56692298893906
60,accel_z,9.84939956665039,9.847044767370283,0.7295649456313525
61,accel_magnitude,9.94334602355957,10.089996026982801,0.8629987039085902
62,gyro_yaw,-9.999999747378752e-05,-0.0003840543087665394,0.1151325922748874
63,gyro_pitch,-0.0010000000474974513,-0.003053589743640872,0.23275468284727055
64,gyro_roll,0.00019999999494757503,1.432913914356894e-05,0.1386134551575372
65,gyro_magnitude,0.12793947756290436,0.19519185017732504,0.22034872323406096
66,mag_x,-12.0600004196167,-10.910860613297201,13.067880950401852
67,mag_y,-33.689998626708984,-31.82242158901045,8.066587634300724
68,mag_z,15.3100004196167,15.326219763694576,18.016110246486512
69,mag_magnitude,42.44528579711914,43.25460897663511,7.487642618807409
70,gravity_x,0.0,1.6264591541251771e-06,0.03508508960691468
71,gravity_y,0.0,1.6264591541251771e-06,0.03508508960691468
72,gravity_z,9.806599617004395,9.806477524410091,0.003144048914113438
73,gravity_magnitude,9.806601524353027,9.8066033985348,0.002189212077460705
74,orientation_yaw,245.85000610351562,211.7267264089918,119.75480108227927
75,orientation_pitch,-84.41000366210938,-83.87417429660358,3.855071196117233
76,orientation_roll,-118.55999755859375,-36.63155900371951,136.44689948376504
77,gps_latitude,52.445945739746094,52.592473835258865,0.31740004654084697
78,gps_longitude,-1.5348299741744995,-1.5394708961446648,0.2568439281883385
79,gps_altitude,159.0,177.20149239216906,76.56587878890869
80,gps_speed,9.770000457763672,10.510575222561757,7.600319037164017
81,gps_accuracy,3.0,23.417324959040677,213.98914504777943
82,gps_satellites,21.0,21.460516733020153,4.017159783230806
83,accel_change,0.3927127718925476,0.6850580928432201,0.8667790624024154
84,accel_change_rate,0.0,0.05698791546298108,62.32693798644914
85,gyro_change,0.03805754706263542,0.09302189858076355,0.15693566449690885
86,gyro_change_rate,0.0,0.21372529425210765,25.84304957603669
87,magnetic_field_change,0.3619146943092346,1.0143471398415689,3.2486773125318984
88,magnetic_field_change_rate,0.0,3.777222969829887,352.6115086006508
89,speed_change,0.0,0.11316624736681383,0.9720890896611225
90,speed_change_rate,0.0,-5.785292208638451,338.94267432478273
91,yaw_change,0.0,-0.020875159951216936,13.382935972867193
92,yaw_change_rate,0.20000000298023224,-167.10688150778472,4905.968935569838
93,pitch_change,0.0,-9.852947095727655e-05,1.479366971623455
94,pitch_change_rate,0.0,20.136713419903742,1628.3195517778393
95,roll_change,0.0,-0.0010521697512557292,8.237043343454134
96,roll_change_rate,0.0,-52.42023613255876,2179.742232573355
97,sensor_quality_score,1.0,0.9992860062266312,0.013341238931740482
98,accel_magnitude_rolling_mean,9.970711708068848,10.089929344056404,0.42257316877404966
99,accel_magnitude_rolling_std,0.4856993854045868,0.5816960955266004,0.47718989903008846
100,accel_magnitude_rolling_min,9.293371200561523,9.161039199168043,0.6375088173457667
101,accel_magnitude_rolling_max,10.785452842712402,11.096680963499338,1.2323763761305007
102,accel_magnitude_rolling_range,1.6069356203079224,1.9356417641389316,1.6086046323563332
103,gyro_magnitude_rolling_mean,0.15421122312545776,0.19518476575043184,0.175300755258368
104,gyro_magnitude_rolling_std,0.057256847620010376,0.08574044680782864,0.10227912362842975
105,gyro_magnitude_rolling_min,0.05315721780061722,0.0775050004380941,0.0828403474954752
106,gyro_magnitude_rolling_max,0.26766160130500793,0.3515878948636062,0.3558664781840188
107,gyro_magnitude_rolling_range,0.18532434105873108,0.274082894437568,0.3208662863110639
108,mag_magnitude_rolling_mean,42.50944900512695,43.25430554786687,7.07286092207248
109,mag_magnitude_rolling_std,0.3719075620174408,1.0772160787631146,2.209045457203926
110,mag_magnitude_rolling_min,41.37504959106445,42.019947867601594,6.94828960682965
111,mag_magnitude_rolling_max,43.75381851196289,45.38144148564375,9.666709601846405
112,mag_magnitude_rolling_range,1.237889289855957,3.361493614457581,6.705030842986207
113,gravity_magnitude_rolling_mean,9.806600570678711,9.80660340563431,0.0006215643396010827
114,gravity_magnitude_rolling_std,5.047209560871124e-05,0.00011998977693244856,0.0020956814243633178
115,gravity_magnitude_rolling_min,9.806503295898438,9.806404288828695,0.003312995117458093
116,gravity_magnitude_rolling_max,9.806658744812012,9.806817306872484,0.005579853003855282
117,gravity_magnitude_rolling_range,0.0001656492822803557,0.0004130060649226071,0.008174490397358526
118,gps_speed_rolling_mean,9.739999771118164,10.51067786877011,7.572496991176558
119,gps_speed_rolling_std,0.0,0.14795771313766007,0.6393888396240969
120,gps_speed_rolling_min,9.59000015258789,10.343510368267383,7.616852227753387
121,gps_speed_rolling_max,10.0,10.678822043458162,7.5800100664774615
122,gps_speed_rolling_range,0.0,0.33531098707640417,1.3935066930382676
123,accel_change_rolling_mean,0.5467700362205505,0.6850740467980155,0.5863528660077625
124,accel_change_rolling_std,0.37830325961112976,0.4769667278902403,0.4242696901122277
125,accel_change_rolling_min,0.04889770597219467,0.09898711495314073,0.14665675150345134
126,accel_change_rolling_max,1.2879831790924072,1.6164250216077323,1.4082132368573834
127,accel_change_rolling_range,1.2046421766281128,1.5174350103278866,1.3405604116547514
128,gyro_change_rolling_mean,0.05506147816777229,0.0930158455563956,0.11608727111073637
129,gyro_change_rolling_std,0.03854914382100105,0.06404706795772679,0.08393827506777476
130,gyro_change_rolling_min,0.004738795571029186,0.013549067860356033,0.027316214354596642
131,gyro_change_rolling_max,0.1315508633852005,0.21654837384722406,0.27758394963725913
132,gyro_change_rolling_range,0.12268728762865067,0.20299895913274554,0.26420690975913824
133,speed_change_rolling_mean,0.0,0.11327968573376147,0.8948285498370506
134,speed_change_rolling_std,0.0,0.09042595905494319,0.3701129789964281
135,speed_change_rolling_min,0.0,0.06915440971814876,0.826858889608543
136,speed_change_rolling_max,0.0,0.3622915418991169,1.4333335058102241
137,speed_change_rolling_range,0.0,0.29313713222201543,1.179362314766303
